<edmx:Edmx xmlns:edmx="http://schemas.microsoft.com/ado/2007/06/edmx"
	xmlns:m="http://schemas.microsoft.com/ado/2007/08/dataservices/metadata" xmlns:sap="http://www.sap.com/Protocols/SAPData" Version="1.0">
	<edmx:Reference xmlns:edmx="http://docs.oasis-open.org/odata/ns/edmx"
		Uri="https://dg2:44300/sap/opu/odata/IWFND/CATALOGSERVICE;v=2/Vocabularies(TechnicalName='%2FIWBEP%2FVOC_COMMON',Version='0001',SAP__Origin='ZODATA')/$value"><edmx:Include Namespace="com.sap.vocabularies.Common.v1" Alias="Common"/></edmx:Reference>
	<edmx:DataServices m:DataServiceVersion="2.0">
		<Schema xmlns="http://schemas.microsoft.com/ado/2008/09/edm" Namespace="Z_VEHICLE_DEMO_RESERVATION_SRV_02" xml:lang="en"
			sap:schema-version="1">
			<EntityType Name="zc_demo_reservation" sap:content-version="1">
				<Key><PropertyRef Name="Zresreq"/><PropertyRef Name="Endcustomer"/></Key><Property Name="Zresreq" Type="Edm.String" Nullable="false" MaxLength="10" sap:unicode="false" sap:creatable="false" sap:updatable="false"
					sap:sortable="false"/><Property Name="Vehicleaction" Type="Edm.String" Nullable="false" MaxLength="4" sap:unicode="false" sap:label="Vehicleaction"
					sap:creatable="false" sap:updatable="false" sap:sortable="false" sap:filterable="false"/><Property Name="Endcustomer" Type="Edm.String" Nullable="false" MaxLength="10" sap:unicode="false" sap:label="Endcustomer"/><Property Name="Vehicleusage" Type="Edm.String" Nullable="false" MaxLength="2" sap:unicode="false" sap:label="Vehicleusage"
					sap:creatable="false" sap:updatable="false" sap:sortable="false" sap:filterable="false"/><Property Name="Vehicle_id_type" Type="Edm.String" Nullable="false" MaxLength="1" sap:unicode="false" sap:label="Vehicle_id_type"
					sap:creatable="false" sap:updatable="false" sap:sortable="false" sap:filterable="false"/><Property Name="Vehiclenumber" Type="Edm.String" Nullable="false" MaxLength="10" sap:unicode="false" sap:label="Vehiclenumber"
					sap:creatable="false" sap:updatable="false" sap:sortable="false" sap:filterable="false"/><Property Name="Vehicleidentnumb" Type="Edm.String" Nullable="false" MaxLength="35" sap:unicode="false" sap:label="Vehicleidentnumb"
					sap:creatable="false" sap:updatable="false" sap:sortable="false" sap:filterable="false"/><Property Name="Confirmation" Type="Edm.String" Nullable="false" MaxLength="100" sap:unicode="false" sap:label="Confirmation"
					sap:creatable="false" sap:updatable="false" sap:sortable="false" sap:filterable="false"/><Property Name="ENDCU" Type="Edm.String" Nullable="false" MaxLength="10" sap:unicode="false" sap:label="ENDCU" sap:creatable="false"
					sap:updatable="false" sap:sortable="false" sap:filterable="false"/><Property Name="KUNNR" Type="Edm.String" Nullable="false" MaxLength="10" sap:unicode="false" sap:label="KUNNR" sap:creatable="false"
					sap:updatable="false" sap:sortable="false" sap:filterable="false"/><Property Name="ADDCU" Type="Edm.String" Nullable="false" MaxLength="10" sap:unicode="false" sap:label="ADDCU" sap:creatable="false"
					sap:updatable="false" sap:sortable="false" sap:filterable="false"/><Property Name="PARRL" Type="Edm.String" Nullable="false" MaxLength="6" sap:unicode="false" sap:label="PARRL" sap:creatable="false"
					sap:updatable="false" sap:sortable="false" sap:filterable="false"/><Property Name="RTLD" Type="Edm.String" Nullable="false" MaxLength="50" sap:unicode="false" sap:label="RTLD" sap:creatable="false"
					sap:updatable="false" sap:sortable="false" sap:filterable="false"/><Property Name="DEAL" Type="Edm.String" Nullable="false" MaxLength="2" sap:unicode="false" sap:label="DEAL" sap:creatable="false"
					sap:updatable="false" sap:sortable="false" sap:filterable="false"/><Property Name="REGD" Type="Edm.String" Nullable="false" MaxLength="50" sap:unicode="false" sap:label="REGD" sap:creatable="false"
					sap:updatable="false" sap:sortable="false" sap:filterable="false"/><Property Name="WARD" Type="Edm.String" Nullable="false" MaxLength="50" sap:unicode="false" sap:label="WARD" sap:creatable="false"
					sap:updatable="false" sap:sortable="false" sap:filterable="false"/><Property Name="STIN" Type="Edm.String" Nullable="false" MaxLength="50" sap:unicode="false" sap:label="STIN" sap:creatable="false"
					sap:updatable="false" sap:sortable="false" sap:filterable="false"/><Property Name="BTIN" Type="Edm.String" Nullable="false" MaxLength="50" sap:unicode="false" sap:label="BTIN" sap:creatable="false"
					sap:updatable="false" sap:sortable="false" sap:filterable="false"/><Property Name="UIID" Type="Edm.String" Nullable="false" MaxLength="50" sap:unicode="false" sap:label="UIID" sap:creatable="false"
					sap:updatable="false" sap:sortable="false" sap:filterable="false"/><Property Name="CINC" Type="Edm.String" Nullable="false" MaxLength="50" sap:unicode="false" sap:label="CINC" sap:creatable="false"
					sap:updatable="false" sap:sortable="false" sap:filterable="false"/><Property Name="TMLN" Type="Edm.String" Nullable="false" MaxLength="50" sap:unicode="false" sap:label="TMLN" sap:creatable="false"
					sap:updatable="false" sap:sortable="false" sap:filterable="false"/><Property Name="FANN" Type="Edm.String" Nullable="false" MaxLength="50" sap:unicode="false" sap:label="FANN" sap:creatable="false"
					sap:updatable="false" sap:sortable="false" sap:filterable="false"/><Property Name="PRMR" Type="Edm.String" Nullable="false" MaxLength="50" sap:unicode="false" sap:label="PRMR" sap:creatable="false"
					sap:updatable="false" sap:sortable="false" sap:filterable="false"/><Property Name="TCEP" Type="Edm.String" Nullable="false" MaxLength="50" sap:unicode="false" sap:label="TCEP" sap:creatable="false"
					sap:updatable="false" sap:sortable="false" sap:filterable="false"/><Property Name="BOSD" Type="Edm.String" Nullable="false" MaxLength="50" sap:unicode="false" sap:label="BOSD" sap:creatable="false"
					sap:updatable="false" sap:sortable="false" sap:filterable="false"/><Property Name="TBD" Type="Edm.String" Nullable="false" MaxLength="50" sap:unicode="false" sap:label="TBD" sap:creatable="false"
					sap:updatable="false" sap:sortable="false" sap:filterable="false"/><Property Name="OISD" Type="Edm.String" Nullable="false" MaxLength="50" sap:unicode="false" sap:label="OISD" sap:creatable="false"
					sap:updatable="false" sap:sortable="false" sap:filterable="false"/><Property Name="CERT" Type="Edm.String" Nullable="false" MaxLength="50" sap:unicode="false" sap:label="CERT" sap:creatable="false"
					sap:updatable="false" sap:sortable="false" sap:filterable="false"/><Property Name="USSD" Type="Edm.String" Nullable="false" MaxLength="50" sap:unicode="false" sap:label="USSD" sap:creatable="false"
					sap:updatable="false" sap:sortable="false" sap:filterable="false"/><Property Name="Message" Type="Edm.String" Nullable="false" MaxLength="220" sap:unicode="false" sap:label="Message" sap:creatable="false"
					sap:updatable="false" sap:sortable="false" sap:filterable="false"/></EntityType>
			<EntityType Name="vehicleList" sap:content-version="1">
				<Key><PropertyRef Name="ZZZONE"/><PropertyRef Name="ZZSERIES"/><PropertyRef Name="MATNR"/><PropertyRef Name="ZZMOYR"/></Key><Property Name="ZZZONE" Type="Edm.String" Nullable="false" sap:unicode="false" sap:label="Zone" sap:creatable="false" sap:updatable="false"
					sap:sortable="false" sap:filterable="false"/><Property Name="ZZSERIES" Type="Edm.String" Nullable="false" sap:unicode="false" sap:label="Series" sap:creatable="false"
					sap:updatable="false" sap:sortable="false" sap:filterable="false"/><Property Name="MATNR" Type="Edm.String" Nullable="false" sap:unicode="false" sap:label="Model" sap:creatable="false" sap:updatable="false"
					sap:sortable="false" sap:filterable="false"/><Property Name="ZZMOYR" Type="Edm.String" Nullable="false" sap:unicode="false" sap:label="Model Year" sap:creatable="false"
					sap:updatable="false" sap:sortable="false" sap:filterable="false"/><Property Name="VHVIN" Type="Edm.String" Nullable="false" sap:unicode="false" sap:label="VIN" sap:creatable="false" sap:updatable="false"
					sap:sortable="false" sap:filterable="false"/><Property Name="VALID_TO_DATE" Type="Edm.String" Nullable="false" sap:unicode="false" sap:label="End Date" sap:creatable="false"
					sap:updatable="false" sap:sortable="false" sap:filterable="false"/><Property Name="ZZEXTCOL" Type="Edm.String" Nullable="false" sap:unicode="false" sap:label="Exterior Colour Code" sap:creatable="false"
					sap:updatable="false" sap:sortable="false" sap:filterable="false"/><Property Name="ADDCU" Type="Edm.String" Nullable="false" sap:unicode="false" sap:label="Driver Name" sap:creatable="false"
					sap:updatable="false" sap:sortable="false" sap:filterable="false"/><Property Name="ZZRSTAT" Type="Edm.String" Nullable="false" sap:unicode="false" sap:label="Status" sap:creatable="false"
					sap:updatable="false" sap:sortable="false" sap:filterable="false"/></EntityType>
			<EntityType Name="ZCDS_DEMO_RESERVATIONType" sap:label="Demo reservation view" sap:content-version="1">
				<Key><PropertyRef Name="VehicleIdentificationNumber"/></Key><Property Name="VehicleIdentificationNumber" Type="Edm.String" Nullable="false" MaxLength="35" sap:label="VIN"
					sap:quickinfo="Vehicle Identification Number (Vehicle Identification No.)"/><Property Name="VehicleGUID" Type="Edm.Guid" sap:label="Vehicle GUID" sap:quickinfo="Vehicle GUID (Globally Unique IDentifier)"/><Property Name="VehicleModel" Type="Edm.String" MaxLength="40" sap:display-format="UpperCase" sap:label="Material"
					sap:quickinfo="Vehicle Model"/><Property Name="ModelSeriesNo" Type="Edm.String" MaxLength="3" sap:display-format="UpperCase" sap:label="Model Series No"
					sap:quickinfo="TCI Series"/><Property Name="InternalVehicleNumber" Type="Edm.String" MaxLength="10" sap:display-format="UpperCase" sap:label="Int. Veh. No."
					sap:quickinfo="Internal Vehicle Number"/><Property Name="Vendor" Type="Edm.String" MaxLength="10" sap:display-format="UpperCase" sap:label="Vendor"/><Property Name="EquipmentNumber" Type="Edm.String" MaxLength="18" sap:display-format="UpperCase" sap:label="Equipment"
					sap:quickinfo="Equipment Number"/><Property Name="Plant" Type="Edm.String" MaxLength="4" sap:display-format="UpperCase" sap:label="Plant"/><Property Name="ValuationType" Type="Edm.String" MaxLength="10" sap:display-format="UpperCase" sap:label="" sap:quickinfo="Valuation Type"/><Property Name="Configuration" Type="Edm.String" MaxLength="18" sap:display-format="NonNegative" sap:label=""
					sap:quickinfo="Configuration (internal object number)"/><Property Name="TypeOfDocumentForAction" Type="Edm.String" MaxLength="4" sap:display-format="UpperCase" sap:label="Action Document Type"
					sap:quickinfo="Type of Document for Action"/><Property Name="ActionControlMMCTR" Type="Edm.String" MaxLength="4" sap:display-format="UpperCase" sap:label="Action Control"/><Property Name="PrimaryStatus" Type="Edm.String" MaxLength="4" sap:display-format="UpperCase" sap:label="Primary Status"/><Property Name="PrimaryStatusText" Type="Edm.String" MaxLength="31" sap:display-format="UpperCase" sap:label="Primary Status"/><Property Name="LongTimeStampMMTSP" Type="Edm.DateTimeOffset" Precision="7" sap:label="" sap:quickinfo="Long Time Stamp"/><Property Name="ActionControlSDCTR" Type="Edm.String" MaxLength="4" sap:display-format="UpperCase" sap:label="Action Control"/><Property Name="SecondaryStatusText" Type="Edm.String" MaxLength="4" sap:display-format="UpperCase" sap:label="Secondary Status"/><Property Name="SecondaryStatus" Type="Edm.String" MaxLength="38" sap:display-format="UpperCase" sap:label="Secondary Status"/><Property Name="Customer" Type="Edm.String" MaxLength="10" sap:display-format="UpperCase" sap:label="Customer"/><Property Name="EndCustomer" Type="Edm.String" MaxLength="10" sap:display-format="UpperCase" sap:label="End Customer"
					sap:quickinfo="End Customer (Central Business Partner)"/><Property Name="ExternalVehicleNumber" Type="Edm.String" MaxLength="35" sap:display-format="UpperCase" sap:label="Ext.Veh.Number"
					sap:quickinfo="External Vehicle Number"/><Property Name="AvailabilityStatus" Type="Edm.String" MaxLength="2" sap:display-format="UpperCase" sap:label="Availability"
					sap:quickinfo="Availability Status"/><Property Name="Visibility" Type="Edm.String" MaxLength="1" sap:display-format="UpperCase" sap:label="Visibility"/><Property Name="VMSVehicleLocation" Type="Edm.String" MaxLength="10" sap:display-format="UpperCase" sap:label="Vehicle Location"
					sap:quickinfo="VMS-Vehicle Location"/><Property Name="GrossListPriceOfVehicle" Type="Edm.Decimal" Precision="18" Scale="3" sap:unit="CurrencyOfVehiclePrice"
					sap:label="Gross List Price" sap:quickinfo="Gross List Price of Vehicle"/><Property Name="CurrencyOfVehiclePrice" Type="Edm.String" MaxLength="5" sap:label="Currency" sap:quickinfo="Currency of Vehicle Price"
					sap:semantics="currency-code"/><Property Name="ConfirmedDeliveryDate" Type="Edm.DateTimeOffset" Precision="0" sap:label="Confirmed Date"
					sap:quickinfo="Time Stamp for Confirmed Delivery Date"/><Property Name="VehicleUsage" Type="Edm.String" MaxLength="2" sap:display-format="UpperCase" sap:label="Vehicle Usage"/><Property Name="SalesCampaign" Type="Edm.String" MaxLength="10" sap:display-format="UpperCase" sap:label="Sales Campaign"/><Property Name="CounterReading" Type="Edm.Decimal" Precision="7" Scale="0" sap:unit="FleetCounterUnit" sap:label="Counter reading"
					sap:quickinfo="Counter Reading"/><Property Name="FleetCounterUnit" Type="Edm.String" MaxLength="3" sap:label="Counter unit" sap:quickinfo="Fleet counter unit"
					sap:semantics="unit-of-measure"/><Property Name="VehicleSearchArea" Type="Edm.String" MaxLength="10" sap:display-format="UpperCase" sap:label="Veh.Search Area"
					sap:quickinfo="Vehicle Search Area"/><Property Name="OriginalOrderingParty" Type="Edm.String" MaxLength="10" sap:display-format="UpperCase" sap:label="Orig. Ord. Pty"
					sap:quickinfo="Original Ordering Party of Vehicle"/><Property Name="SharingLevelsForVehicleSearch" Type="Edm.String" MaxLength="2" sap:display-format="UpperCase" sap:label="Sharing Levels"
					sap:quickinfo="Sharing Levels for Vehicle Search"/><Property Name="Archiving" Type="Edm.Boolean" sap:display-format="UpperCase" sap:label="Archiving"/><Property Name="IsUsedVehicle" Type="Edm.Boolean" sap:display-format="UpperCase" sap:label="Used Vehicle"
					sap:quickinfo="Flag That Indicates That the Vehicle Is a Used Vehicle"/><Property Name="ExteriorColourCode" Type="Edm.String" MaxLength="4" sap:display-format="UpperCase" sap:label="Exterior colour code"/><Property Name="mktg_desc_en" Type="Edm.String" MaxLength="50" sap:display-format="UpperCase"
					sap:label="Exterior colour Description English" sap:quickinfo="Marketing Description for EXT Color (EN)"/><Property Name="mktg_desc_fr" Type="Edm.String" MaxLength="50" sap:display-format="UpperCase" sap:label="Exterior colour Description French"
					sap:quickinfo="Marketing Description for EXT Color (FR)"/><Property Name="InteriorColourCode" Type="Edm.String" MaxLength="4" sap:display-format="UpperCase" sap:label="Trim / Interior Color"/><Property Name="int_trim_desc_en" Type="Edm.String" MaxLength="100" sap:label="Trim / Interior Color Description English"
					sap:quickinfo="Marketing Trim / Interior Description (EN)"/><Property Name="int_trim_desc_fr" Type="Edm.String" MaxLength="100" sap:label="Trim / Interior Color Description French"
					sap:quickinfo="Marketing Trim / Interior Description (FR)"/><Property Name="ModelYear" Type="Edm.String" MaxLength="4" sap:display-format="UpperCase" sap:label="Model year"/><Property Name="Suffix" Type="Edm.String" MaxLength="2" sap:display-format="UpperCase" sap:label="Suffix"/><Property Name="suffix_desc_en" Type="Edm.String" MaxLength="100" sap:label="Suffix Description English"
					sap:quickinfo="Suffix Description (EN)"/><Property Name="suffix_desc_fr" Type="Edm.String" MaxLength="100" sap:label="Suffix Description French"
					sap:quickinfo="Suffix Description (FR)"/><Property Name="AddData1" Type="Edm.String" MaxLength="12" sap:display-format="UpperCase" sap:label="AddData1"/><Property Name="AddData2" Type="Edm.String" MaxLength="12" sap:display-format="UpperCase" sap:label="AddData2"/><Property Name="AddData3" Type="Edm.String" MaxLength="12" sap:display-format="UpperCase" sap:label="AddData3"/><Property Name="EFrom" Type="Edm.String" MaxLength="12" sap:display-format="UpperCase" sap:label="EFrom" sap:quickinfo="AddData4"/><Property Name="ETo" Type="Edm.String" MaxLength="12" sap:display-format="UpperCase" sap:label="ETo" sap:quickinfo="AddData4"/><Property Name="AddData5" Type="Edm.String" MaxLength="20" sap:display-format="UpperCase" sap:label="AddData5"/><Property Name="ShipToDealer" Type="Edm.String" MaxLength="5" sap:display-format="UpperCase" sap:label="Ship to Dealer"/><Property Name="DealerOrderNumber" Type="Edm.String" MaxLength="15" sap:display-format="UpperCase" sap:label="Dealer order number"/><Property Name="SourcePlant" Type="Edm.String" MaxLength="1" sap:display-format="UpperCase" sap:label="Source Plant"/><Property Name="RailTruckNo" Type="Edm.String" MaxLength="20" sap:display-format="UpperCase" sap:label="Rail Truck no."/><Property Name="TCIVoyageNumberSequence" Type="Edm.String" MaxLength="4" sap:display-format="UpperCase" sap:label="TCI Voyage number sq"
					sap:quickinfo="TCI Voyage number sequence"/><Property Name="Zone1" Type="Edm.String" MaxLength="1" sap:display-format="UpperCase" sap:label="Zone"/><Property Name="GroupOrderNumber" Type="Edm.String" MaxLength="12" sap:display-format="UpperCase" sap:label="Group Order Number"/><Property Name="KatashikiModel" Type="Edm.String" MaxLength="5" sap:display-format="UpperCase" sap:label="Katashiki Model"/><Property Name="ProductionStatus" Type="Edm.String" MaxLength="1" sap:display-format="UpperCase" sap:label="Production Status"/><Property Name="PriceConfirmation" Type="Edm.String" MaxLength="8" sap:display-format="NonNegative" sap:label="Price Confirmation"/><Property Name="PlantReference" Type="Edm.String" MaxLength="6" sap:display-format="UpperCase" sap:label="Plant Reference"/><Property Name="OrderCycle" Type="Edm.String" MaxLength="1" sap:display-format="UpperCase" sap:label="Order Cycle"/><Property Name="KatashikiCode" Type="Edm.String" MaxLength="20" sap:display-format="UpperCase" sap:label="Katashiki Code"/><Property Name="TCIOrderNumber" Type="Edm.String" MaxLength="15" sap:display-format="UpperCase" sap:label="TCI Order Number"/><Property Name="ETAFrom" Type="Edm.DateTime" Precision="0" sap:display-format="Date" sap:label="ETA From"
					sap:quickinfo="Initial Registration Date"/><Property Name="ETATo" Type="Edm.DateTime" Precision="0" sap:display-format="Date" sap:label="ETA To"
					sap:quickinfo="Initial Registration Date"/><Property Name="TimeStampforProductionTime" Type="Edm.DateTimeOffset" Precision="0" sap:label="Time Stamp for Production Time"/><Property Name="PersonResponsible" Type="Edm.String" MaxLength="12" sap:display-format="UpperCase" sap:label="Person Responsible"
					sap:quickinfo="Name of Person Responsible for Creating the Object"/><Property Name="VesselName" Type="Edm.String" MaxLength="50" sap:display-format="UpperCase" sap:label="Vessel Name"/><Property Name="Model" Type="Edm.String" MaxLength="7" sap:display-format="UpperCase" sap:label="Vehicle Model No" sap:quickinfo="Model"/><Property Name="Brand" Type="Edm.String" MaxLength="6" sap:display-format="UpperCase" sap:label="Brand"/><Property Name="DealType" Type="Edm.String" MaxLength="2" sap:display-format="UpperCase" sap:label="Deal Type"/><Property Name="ValuatedUnrestrictedUseStock" Type="Edm.Decimal" Precision="13" Scale="3" sap:label="Valuated Unrestricted-Use Stock"/><Property Name="Stprs" Type="Edm.Decimal" Precision="12" Scale="3" sap:label="Standard price"/></EntityType>
			<EntityType Name="ZC_ZONESType" sap:label="Sales Office" sap:content-version="1">
				<Key><PropertyRef Name="spras"/><PropertyRef Name="vkbur"/></Key><Property Name="spras" Type="Edm.String" Nullable="false" MaxLength="2" sap:label="Language" sap:quickinfo="Language Key"/><Property Name="vkbur" Type="Edm.String" Nullable="false" MaxLength="4" sap:display-format="UpperCase" sap:label="Sales Office"/><Property Name="bezei" Type="Edm.String" MaxLength="20" sap:label="Sales Office - Description" sap:quickinfo="Description"/></EntityType>
			<EntityType Name="zc_accessoryType" sap:label="For resource from table ZVMS_PIO_DIO" sap:content-version="1">
				<Key><PropertyRef Name="VehicleGUID"/><PropertyRef Name="zpart_number"/></Key><Property Name="VehicleGUID" Type="Edm.Guid" Nullable="false" sap:label="Vehicle GUID"
					sap:quickinfo="Vehicle GUID (Globally Unique IDentifier)"/><Property Name="zpart_number" Type="Edm.String" Nullable="false" MaxLength="15" sap:display-format="UpperCase" sap:label="Part Number"/><Property Name="zppo_code" Type="Edm.String" MaxLength="8" sap:display-format="UpperCase" sap:label="PPO Code"/><Property Name="znap_access_cd" Type="Edm.String" MaxLength="2" sap:display-format="UpperCase" sap:label="NAP Accessory Code"/><Property Name="z_item_code" Type="Edm.String" MaxLength="5" sap:display-format="UpperCase" sap:label="Item Code"/><Property Name="zdi_ppo_loc" Type="Edm.String" MaxLength="2" sap:display-format="UpperCase" sap:label="Loc. Accessory Inst."
					sap:quickinfo="Location for Accessory Installation"/><Property Name="zinstall_ind" Type="Edm.String" MaxLength="1" sap:display-format="UpperCase" sap:label="Installation Flag"/><Property Name="zinst_timestamp" Type="Edm.String" MaxLength="12" sap:display-format="UpperCase" sap:label="Installation Timesta"
					sap:quickinfo="Installation Timestamp"/><Property Name="z_pd_flag" Type="Edm.String" MaxLength="1" sap:display-format="UpperCase" sap:label="P/D Flag New"/></EntityType>
			<EntityType Name="zc_demo_add_dataType" sap:label="Vehicle additional data" sap:content-version="1">
				<Key><PropertyRef Name="VehicleGUID"/><PropertyRef Name="Qualifier"/></Key><Property Name="VehicleGUID" Type="Edm.Guid" Nullable="false" sap:label="Vehicle GUID"
					sap:quickinfo="Vehicle GUID (Globally Unique IDentifier)"/><Property Name="Qualifier" Type="Edm.String" Nullable="false" MaxLength="4" sap:display-format="UpperCase" sap:label="Qualifier"
					sap:quickinfo="Qualifier for Additional Data"/><Property Name="Qualifier_data" Type="Edm.String" MaxLength="4" sap:display-format="UpperCase" sap:label="Qualifier"
					sap:quickinfo="Qualifier for Additional Data"/><Property Name="QualCharVal" Type="Edm.String" MaxLength="50" sap:display-format="UpperCase" sap:label="Qual. Char.Val."
					sap:quickinfo="Qualifier-Characteristic Value"/></EntityType>
			<EntityType Name="zc_demo_addcustType" sap:label="Demo reservation additonal customer data" sap:content-version="1">
				<Key><PropertyRef Name="vguid"/><PropertyRef Name="parrl"/><PropertyRef Name="addcu"/></Key><Property Name="vguid" Type="Edm.Guid" Nullable="false" sap:label="Vehicle GUID" sap:quickinfo="Vehicle GUID (Globally Unique IDentifier)"/><Property Name="parrl" Type="Edm.String" Nullable="false" MaxLength="6" sap:display-format="UpperCase" sap:label="BP Role"/><Property Name="addcu" Type="Edm.String" Nullable="false" MaxLength="10" sap:display-format="UpperCase" sap:label="End Customer"
					sap:quickinfo="End Customer (Central Business Partner)"/><Property Name="Valid_from_date" Type="Edm.String" MaxLength="8" sap:display-format="UpperCase" sap:label="Valid From Date"/><Property Name="valid_to_date" Type="Edm.DateTime" Precision="0" sap:display-format="Date" sap:label="Valid TO Date" sap:quickinfo="Date"/><Property Name="Valid_from_to" Type="Edm.String" MaxLength="8" sap:display-format="UpperCase"/><Property Name="tb003role" Type="Edm.String" MaxLength="6" sap:display-format="UpperCase" sap:label="Role" sap:quickinfo="BP Role"/><Property Name="rolecategory" Type="Edm.String" MaxLength="6" sap:display-format="UpperCase" sap:label="BP Role Category"/><Property Name="stnd_rolecat" Type="Edm.Boolean" sap:display-format="UpperCase" sap:label="Standard Assignment BP Role"
					sap:quickinfo="Indic.:Standard Assignment BP Role -&gt; BP Role Category"/><Property Name="xsuppress" Type="Edm.Boolean" sap:display-format="UpperCase" sap:label="Hide Business Partner Role in Dialog"
					sap:quickinfo="Indicator: Hide Business Partner Role in Dialog"/><Property Name="posnr" Type="Edm.String" MaxLength="3" sap:display-format="NonNegative" sap:label="Position"
					sap:quickinfo="Position of Business Partner Role"/><Property Name="rltitl" Type="Edm.String" MaxLength="25" sap:label="Title" sap:quickinfo="BP Role Title"/><Property Name="rltxt" Type="Edm.String" MaxLength="50" sap:label="Description" sap:quickinfo="BP Role Description"/></EntityType>
			<EntityType Name="zc_demo_configuration_charType" sap:label="Vehicle additional data" sap:content-version="1">
				<Key><PropertyRef Name="in_recno"/></Key><Property Name="in_recno" Type="Edm.Guid" Nullable="false" sap:label="Record number" sap:quickinfo="IB: Unique record number"/><Property Name="atwrt" Type="Edm.String" MaxLength="70" sap:label="Characteristic Value"/><Property Name="atinn" Type="Edm.String" MaxLength="30" sap:display-format="NonNegative" sap:label="Internal char no."
					sap:quickinfo="Internal characteristic"/><Property Name="instance" Type="Edm.String" MaxLength="18" sap:display-format="NonNegative" sap:label="IBase component"
					sap:quickinfo="IB: Component (instance)"/><Property Name="spras" Type="Edm.String" MaxLength="2" sap:label="Language Key"/><Property Name="atbez" Type="Edm.String" MaxLength="30" sap:label="Char. description" sap:quickinfo="Characteristic description"/></EntityType>
			<EntityType Name="zc_demo_mmfieldsType" sap:label="Demo reservation MM fields" sap:content-version="1">
				<Key><PropertyRef Name="ModelSeriesNo"/><PropertyRef Name="Division"/></Key><Property Name="ModelSeriesNo" Type="Edm.String" Nullable="false" MaxLength="3" sap:display-format="UpperCase" sap:label="TCI Series"/><Property Name="Division" Type="Edm.String" Nullable="false" MaxLength="3" sap:display-format="UpperCase" sap:label="Division"/><Property Name="TCIModelDescriptionEN" Type="Edm.String" MaxLength="50" sap:display-format="UpperCase"
					sap:label="TCI Series Description (EN)"/><Property Name="TCIModelDescriptionFR" Type="Edm.String" MaxLength="50" sap:display-format="UpperCase"
					sap:label="TCI Series Description (FR)"/><Property Name="SeriesSequenceNumber" Type="Edm.String" MaxLength="3" sap:display-format="UpperCase" sap:label="Series Sequence Number"/><Property Name="ProfitCenter" Type="Edm.String" MaxLength="10" sap:display-format="NonNegative" sap:label="Profit Center"/><Property Name="ProductHierarchy" Type="Edm.String" MaxLength="18" sap:display-format="UpperCase" sap:label="Product Hierarchy"/><Property Name="TCISeriesDescriptionEN" Type="Edm.String" MaxLength="50" sap:display-format="UpperCase"
					sap:label="TCI Series Description (EN)"/><Property Name="TCISeriesDescriptionFR" Type="Edm.String" MaxLength="50" sap:display-format="UpperCase"
					sap:label="TCI Series Description (FR)"/><Property Name="ChangedOn" Type="Edm.String" MaxLength="19" sap:display-format="UpperCase" sap:label="Changed On"/><Property Name="CreatedOn" Type="Edm.String" MaxLength="19" sap:display-format="UpperCase" sap:label="Created On"/><Property Name="ChangedBy" Type="Edm.String" MaxLength="12" sap:display-format="UpperCase" sap:label="Changed By"
					sap:quickinfo="Name of person who changed object"/><Property Name="CreatedBy" Type="Edm.String" MaxLength="12" sap:display-format="UpperCase" sap:label="Created By"
					sap:quickinfo="Name of Person Responsible for Creating the Object"/><Property Name="CreatedOnTmps" Type="Edm.DateTimeOffset" Precision="0" sap:label="Created on TS format"
					sap:quickinfo="UTC Time Stamp in Short Form (YYYYMMDDhhmmss)"/><Property Name="ChangedOnTmps" Type="Edm.DateTimeOffset" Precision="0" sap:label="Changed oj TS format"
					sap:quickinfo="UTC Time Stamp in Short Form (YYYYMMDDhhmmss)"/></EntityType>
			<EntityType Name="zc_demo_modelType" sap:label="Demo reservation model" sap:content-version="1">
				<Key><PropertyRef Name="Model"/></Key><Property Name="Model" Type="Edm.String" Nullable="false" MaxLength="7" sap:display-format="UpperCase" sap:label="Model"/><Property Name="Brand" Type="Edm.String" MaxLength="6" sap:display-format="UpperCase" sap:label="Brand"/><Property Name="ModelDescriptionEN" Type="Edm.String" MaxLength="40" sap:label="Model Description (EN)"/><Property Name="ModelDescriptionFR" Type="Edm.String" MaxLength="40" sap:label="Model Description (FR)"/><Property Name="JapanSeries" Type="Edm.String" MaxLength="2" sap:display-format="UpperCase" sap:label="Japan Series"/><Property Name="JapanSeriesDescription" Type="Edm.String" MaxLength="50" sap:display-format="UpperCase" sap:label="Japan Series Description"/><Property Name="JapanSubSeries" Type="Edm.String" MaxLength="2" sap:display-format="UpperCase" sap:label="Japan Sub Series"
					sap:quickinfo="Japan Sub series"/><Property Name="JapanSubSeriesDescription" Type="Edm.String" MaxLength="50" sap:display-format="UpperCase"
					sap:label="Japan Sub Series Description"/><Property Name="TCIModelSeriesNo" Type="Edm.String" MaxLength="3" sap:display-format="UpperCase" sap:label="TCI Series"/><Property Name="Active" Type="Edm.String" MaxLength="1" sap:display-format="UpperCase" sap:label="Active"/><Property Name="EffectiveStartDateofModel" Type="Edm.DateTime" Precision="0" sap:display-format="Date"
					sap:label="Effective Start Date of Model"/><Property Name="EffectiveEndDateofModel" Type="Edm.DateTime" Precision="0" sap:display-format="Date" sap:label="Effective End Date of Model"/><Property Name="ChangedOn" Type="Edm.DateTimeOffset" Precision="0" sap:label="Changed On"
					sap:quickinfo="UTC Time Stamp in Short Form (YYYYMMDDhhmmss)"/><Property Name="CreatedOn" Type="Edm.DateTimeOffset" Precision="0" sap:label="Created On"
					sap:quickinfo="UTC Time Stamp in Short Form (YYYYMMDDhhmmss)"/><Property Name="ChangedBy" Type="Edm.String" MaxLength="12" sap:display-format="UpperCase" sap:label="Changed By"
					sap:quickinfo="Name of person who changed object"/><Property Name="CreatedBy" Type="Edm.String" MaxLength="12" sap:display-format="UpperCase" sap:label="Created By"
					sap:quickinfo="Name of Person Responsible for Creating the Object"/><Property Name="UpdateIndicator" Type="Edm.String" MaxLength="6" sap:display-format="UpperCase" sap:label="Update Indicator"/></EntityType>
			<EntityType Name="zc_demo_reservationType" sap:label="Demo reservation custom table" sap:content-version="1">
				<Key><PropertyRef Name="vhvin"/></Key><Property Name="vhvin" Type="Edm.String" Nullable="false" MaxLength="35" sap:label="Vehicle Identification Number"
					sap:quickinfo="Vehicle Identification Number (Vehicle Identification No.)"/><Property Name="zreqtyp" Type="Edm.String" MaxLength="1" sap:display-format="UpperCase" sap:label="Requestor Type"/><Property Name="zreq_name" Type="Edm.String" MaxLength="35" sap:display-format="UpperCase" sap:label="Employee Last Name"
					sap:quickinfo="Employee First Name"/><Property Name="zreq_lname" Type="Edm.String" MaxLength="35" sap:label="Employee Last Name" sap:quickinfo="Employee's last name"/><Property Name="zdept" Type="Edm.String" MaxLength="35" sap:display-format="UpperCase" sap:label="Requesting Department"/><Property Name="zemail" Type="Edm.String" MaxLength="241" sap:display-format="UpperCase" sap:label="Email Address"/><Property Name="zothers" Type="Edm.String" MaxLength="1" sap:display-format="UpperCase" sap:label="Requested For Others"/><Property Name="zpur_name" Type="Edm.String" MaxLength="35" sap:display-format="UpperCase" sap:label="Purchaser Full Name"/><Property Name="zpurtyp" Type="Edm.String" MaxLength="1" sap:display-format="UpperCase" sap:label="Purchaser Type"/><Property Name="zpurdt" Type="Edm.DateTime" Precision="0" sap:display-format="Date" sap:label="Ideal Purchase Date"/><Property Name="status_text" Type="Edm.String" MaxLength="16" sap:display-format="UpperCase" sap:label="Reservation Status Text"/></EntityType>
			<EntityType Name="zc_demo_zoneType" sap:label="Demo reservation zone" sap:content-version="1">
				<Key><PropertyRef Name="vhvin"/></Key><Property Name="vhvin" Type="Edm.String" Nullable="false" MaxLength="35" sap:label="Vehicle Identification Number"
					sap:quickinfo="Vehicle Identification Number (Vehicle Identification No.)"/><Property Name="zzzone" Type="Edm.String" MaxLength="1" sap:display-format="UpperCase" sap:label="Zone"/></EntityType>
			<EntityType Name="zc_exterior_trimType" sap:label="For exterior trim information" sap:content-version="1">
				<Key><PropertyRef Name="Model"/><PropertyRef Name="ModelYear"/><PropertyRef Name="Suffix"/><PropertyRef Name="TrimInteriorColor"/><PropertyRef Name="ExteriorColorCode"/></Key><Property Name="Model" Type="Edm.String" Nullable="false" MaxLength="7" sap:display-format="UpperCase" sap:label="Model"/><Property Name="ModelYear" Type="Edm.String" Nullable="false" MaxLength="4" sap:display-format="UpperCase" sap:label="Model Year"
					sap:quickinfo="Model year"/><Property Name="Suffix" Type="Edm.String" Nullable="false" MaxLength="2" sap:display-format="UpperCase" sap:label="Suffix"/><Property Name="TrimInteriorColor" Type="Edm.String" Nullable="false" MaxLength="4" sap:display-format="UpperCase"
					sap:label="Trim Interier Color" sap:quickinfo="Trim / Interior Color"/><Property Name="ExteriorColorCode" Type="Edm.String" Nullable="false" MaxLength="4" sap:display-format="UpperCase"
					sap:label="Exterior colour code"/><Property Name="TCISeries" Type="Edm.String" MaxLength="3" sap:display-format="UpperCase" sap:label="TCI Series"/><Property Name="MarketingTrimInteriorDescEN" Type="Edm.String" MaxLength="100" sap:label="Marketing Trim/Interior Description (EN)"
					sap:quickinfo="Marketing Trim / Interior Description (EN)"/><Property Name="MarketingTrimInteriorDescFR" Type="Edm.String" MaxLength="100" sap:label="Marketing Trim/Interior Description (FR)"
					sap:quickinfo="Marketing Trim / Interior Description (FR)"/><Property Name="EXTINTStartDate" Type="Edm.DateTime" Precision="0" sap:display-format="Date" sap:label="EXT/INT Start Date"/><Property Name="EXTINTEndDate" Type="Edm.DateTime" Precision="0" sap:display-format="Date" sap:label="EXT/INT End date"/><Property Name="Visibility" Type="Edm.String" MaxLength="1" sap:display-format="UpperCase" sap:label="Visibility"/><Property Name="ExteriorDescriptionEN" Type="Edm.String" MaxLength="50" sap:display-format="UpperCase" sap:label="Exterior Description (EN)"/><Property Name="MarketingDescriptionEXTColorEN" Type="Edm.String" MaxLength="50" sap:display-format="UpperCase"
					sap:label="Marketing Description for EXT Color (EN)"/><Property Name="MarketingDescriptionEXTColorFR" Type="Edm.String" MaxLength="50" sap:display-format="UpperCase"
					sap:label="Marketing Description for EXT Color (FR)"/><Property Name="NVISDescriptionEXTColorEN" Type="Edm.String" MaxLength="3" sap:display-format="UpperCase"
					sap:label="NVIS Description for EXT Color (EN)" sap:quickinfo="Exterior Colour Description NVIS (EN)"/><Property Name="NVISDescriptionEXTColorFR" Type="Edm.String" MaxLength="3" sap:display-format="UpperCase"
					sap:label="NVIS Description for EXT Color (FR)" sap:quickinfo="Exterior Colour Description NVIS (FR)"/><Property Name="TCIColourAbbr" Type="Edm.String" MaxLength="4" sap:display-format="UpperCase" sap:label="TCI Colour Abbr"
					sap:quickinfo="TCI Colour Abbr. (EN)"/><Property Name="InteriorColor" Type="Edm.String" MaxLength="2" sap:display-format="UpperCase" sap:label="Interior Color"/><Property Name="InteriorDescriptionEN" Type="Edm.String" MaxLength="30" sap:display-format="UpperCase" sap:label="Interior Description (EN)"/><Property Name="InteriorDescriptionFR" Type="Edm.String" MaxLength="30" sap:display-format="UpperCase" sap:label="Interior Description (FR)"
					sap:quickinfo="Interior Description (EN)"/><Property Name="MarktgIntDescEN" Type="Edm.String" MaxLength="50" sap:display-format="UpperCase" sap:label="Marketing Description (EN)"
					sap:quickinfo="Marketing Description for INT (EN)"/><Property Name="MarktgIntDescFR" Type="Edm.String" MaxLength="50" sap:display-format="UpperCase" sap:label="Marketing Description (FR)"
					sap:quickinfo="Marketing Description for INT (FR)"/><Property Name="InteriorTrimCode" Type="Edm.String" MaxLength="2" sap:display-format="UpperCase" sap:label="Interior Trim Code"/><Property Name="InteriorTrimDescriptionEN" Type="Edm.String" MaxLength="30" sap:display-format="UpperCase"
					sap:label="Interior Trim Description (EN)"/><Property Name="CreatedOnInt_t" Type="Edm.DateTimeOffset" Precision="0" sap:label="CreatedIntText On"
					sap:quickinfo="UTC Time Stamp in Short Form (YYYYMMDDhhmmss)"/><Property Name="ChangedOnInt_t" Type="Edm.DateTimeOffset" Precision="0" sap:label="ChangedIntText On"
					sap:quickinfo="UTC Time Stamp in Short Form (YYYYMMDDhhmmss)"/><Property Name="CreatedOnTrim_t" Type="Edm.DateTimeOffset" Precision="0" sap:label="CreatedTrimText On"
					sap:quickinfo="UTC Time Stamp in Short Form (YYYYMMDDhhmmss)"/><Property Name="ChangedOnTrim_t" Type="Edm.DateTimeOffset" Precision="0" sap:label="ChangedTrimText On"
					sap:quickinfo="UTC Time Stamp in Short Form (YYYYMMDDhhmmss)"/><Property Name="ColorSelectionCode" Type="Edm.String" MaxLength="8" sap:display-format="UpperCase" sap:label="Color Selection Code"/><Property Name="CreatedOnExt_t" Type="Edm.DateTimeOffset" Precision="0" sap:label="CreatedExtText On"
					sap:quickinfo="UTC Time Stamp in Short Form (YYYYMMDDhhmmss)"/><Property Name="ChangedOnExt_t" Type="Edm.DateTimeOffset" Precision="0" sap:label="ChangedExtText On"
					sap:quickinfo="UTC Time Stamp in Short Form (YYYYMMDDhhmmss)"/><Property Name="ChangedBy" Type="Edm.String" MaxLength="12" sap:display-format="UpperCase" sap:label="Chanaged By"
					sap:quickinfo="Name of person who changed object"/><Property Name="ChangedOn" Type="Edm.DateTimeOffset" Precision="0" sap:label="Chanaged On"
					sap:quickinfo="UTC Time Stamp in Short Form (YYYYMMDDhhmmss)"/><Property Name="CreatedBy" Type="Edm.String" MaxLength="12" sap:display-format="UpperCase" sap:label="Created By"
					sap:quickinfo="Name of Person Responsible for Creating the Object"/><Property Name="CreatedOn" Type="Edm.DateTimeOffset" Precision="0" sap:label="Created On"
					sap:quickinfo="UTC Time Stamp in Short Form (YYYYMMDDhhmmss)"/><Property Name="Brand" Type="Edm.String" MaxLength="6" sap:display-format="UpperCase" sap:label="Brand"/></EntityType>
			<EntityType Name="zc_frdType" sap:label="For resource from table ZVMS_HOLD_STATUS" sap:content-version="1">
				<Key><PropertyRef Name="vguid"/><PropertyRef Name="z_location_code"/></Key><Property Name="vguid" Type="Edm.Guid" Nullable="false" sap:label="Vehicle GUID" sap:quickinfo="Vehicle GUID (Globally Unique IDentifier)"/><Property Name="z_location_code" Type="Edm.String" Nullable="false" MaxLength="2" sap:display-format="UpperCase" sap:label="Location Code"/><Property Name="z_release_date" Type="Edm.DateTime" Precision="0" sap:display-format="Date"
					sap:label="Date denotes till date Vehicle on Hold" sap:quickinfo="Date that denotes till which date is the Vehicle is on Hold"/></EntityType>
			<EntityType Name="zc_mmfieldsType" sap:label="Vehicle MM Fields" sap:content-version="1">
				<Key><PropertyRef Name="ModelSeriesNo"/><PropertyRef Name="Division"/></Key><Property Name="ModelSeriesNo" Type="Edm.String" Nullable="false" MaxLength="3" sap:display-format="UpperCase" sap:label="TCI Series"/><Property Name="Division" Type="Edm.String" Nullable="false" MaxLength="3" sap:display-format="UpperCase" sap:label="Division"/><Property Name="TCIModelDescriptionEN" Type="Edm.String" MaxLength="50" sap:display-format="UpperCase"
					sap:label="TCI Series Description (EN)"/><Property Name="TCIModelDescriptionFR" Type="Edm.String" MaxLength="50" sap:display-format="UpperCase"
					sap:label="TCI Series Description (FR)"/><Property Name="SeriesSequenceNumber" Type="Edm.String" MaxLength="3" sap:display-format="UpperCase" sap:label="Series Sequence Number"/><Property Name="ProfitCenter" Type="Edm.String" MaxLength="10" sap:display-format="NonNegative" sap:label="Profit Center"/><Property Name="ProductHierarchy" Type="Edm.String" MaxLength="18" sap:display-format="UpperCase" sap:label="Product Hierarchy"/><Property Name="TCISeriesDescriptionEN" Type="Edm.String" MaxLength="50" sap:display-format="UpperCase"
					sap:label="TCI Series Description (EN)"/><Property Name="TCISeriesDescriptionFR" Type="Edm.String" MaxLength="50" sap:display-format="UpperCase"
					sap:label="TCI Series Description (FR)"/><Property Name="ChangedOn" Type="Edm.String" MaxLength="19" sap:display-format="UpperCase" sap:label="Changed On"/><Property Name="CreatedOn" Type="Edm.String" MaxLength="19" sap:display-format="UpperCase" sap:label="Created On"/><Property Name="ChangedBy" Type="Edm.String" MaxLength="12" sap:display-format="UpperCase" sap:label="Changed By"
					sap:quickinfo="Name of person who changed object"/><Property Name="CreatedBy" Type="Edm.String" MaxLength="12" sap:display-format="UpperCase" sap:label="Created By"
					sap:quickinfo="Name of Person Responsible for Creating the Object"/><Property Name="CreatedOnTmps" Type="Edm.DateTimeOffset" Precision="0" sap:label="Created on TS format"
					sap:quickinfo="UTC Time Stamp in Short Form (YYYYMMDDhhmmss)"/><Property Name="ChangedOnTmps" Type="Edm.DateTimeOffset" Precision="0" sap:label="Changed oj TS format"
					sap:quickinfo="UTC Time Stamp in Short Form (YYYYMMDDhhmmss)"/><Property Name="zchg_on_orig" Type="Edm.String" MaxLength="19" sap:display-format="UpperCase"/></EntityType>
			<EntityType Name="zc_modelType" sap:label="For model information" sap:content-version="1">
				<Key><PropertyRef Name="Model"/></Key><Property Name="Model" Type="Edm.String" Nullable="false" MaxLength="7" sap:display-format="UpperCase" sap:label="Model"/><Property Name="Brand" Type="Edm.String" MaxLength="6" sap:display-format="UpperCase" sap:label="Brand"/><Property Name="ModelDescriptionEN" Type="Edm.String" MaxLength="40" sap:label="Model Description (EN)"/><Property Name="ModelDescriptionFR" Type="Edm.String" MaxLength="40" sap:label="Model Description (FR)"/><Property Name="JapanSeries" Type="Edm.String" MaxLength="2" sap:display-format="UpperCase" sap:label="Japan Series"/><Property Name="JapanSeriesDescription" Type="Edm.String" MaxLength="50" sap:display-format="UpperCase" sap:label="Japan Series Description"/><Property Name="JapanSubSeries" Type="Edm.String" MaxLength="2" sap:display-format="UpperCase" sap:label="Japan Sub Series"
					sap:quickinfo="Japan Sub series"/><Property Name="JapanSubSeriesDescription" Type="Edm.String" MaxLength="50" sap:display-format="UpperCase"
					sap:label="Japan Sub Series Description"/><Property Name="TCIModelSeriesNo" Type="Edm.String" MaxLength="3" sap:display-format="UpperCase" sap:label="TCI Series"/><Property Name="Active" Type="Edm.String" MaxLength="1" sap:display-format="UpperCase" sap:label="Active"/><Property Name="EffectiveStartDateofModel" Type="Edm.DateTime" Precision="0" sap:display-format="Date"
					sap:label="Effective Start Date of Model"/><Property Name="EffectiveEndDateofModel" Type="Edm.DateTime" Precision="0" sap:display-format="Date" sap:label="Effective End Date of Model"/><Property Name="ChangedOn" Type="Edm.DateTimeOffset" Precision="0" sap:label="Changed On"
					sap:quickinfo="UTC Time Stamp in Short Form (YYYYMMDDhhmmss)"/><Property Name="CreatedOn" Type="Edm.DateTimeOffset" Precision="0" sap:label="Created On"
					sap:quickinfo="UTC Time Stamp in Short Form (YYYYMMDDhhmmss)"/><Property Name="ChangedBy" Type="Edm.String" MaxLength="12" sap:display-format="UpperCase" sap:label="Changed By"
					sap:quickinfo="Name of person who changed object"/><Property Name="CreatedBy" Type="Edm.String" MaxLength="12" sap:display-format="UpperCase" sap:label="Created By"
					sap:quickinfo="Name of Person Responsible for Creating the Object"/><Property Name="UpdateIndicator" Type="Edm.String" MaxLength="6" sap:display-format="UpperCase" sap:label="Update Indicator"/></EntityType>
			<EntityType Name="zc_myearType" sap:label="Model year data" sap:content-version="1">
				<Key><PropertyRef Name="Model"/><PropertyRef Name="ModelYear"/><PropertyRef Name="PSCCode"/><PropertyRef Name="SourcePlant"/></Key><Property Name="Model" Type="Edm.String" Nullable="false" MaxLength="7" sap:display-format="UpperCase" sap:label="Model"/><Property Name="ModelYear" Type="Edm.String" Nullable="false" MaxLength="4" sap:display-format="UpperCase" sap:label="Model Year"
					sap:quickinfo="Model year"/><Property Name="PSCCode" Type="Edm.String" Nullable="false" MaxLength="2" sap:display-format="UpperCase" sap:label="PSC Code"/><Property Name="SourcePlant" Type="Edm.String" Nullable="false" MaxLength="1" sap:display-format="UpperCase" sap:label="Source Plant"/><Property Name="JapanCodeTMCKatashikiCode" Type="Edm.String" MaxLength="5" sap:display-format="UpperCase"
					sap:label="Japan Code (TMC Katashiki Code)"/><Property Name="KatashikiCode" Type="Edm.String" MaxLength="20" sap:display-format="UpperCase" sap:label="Katashiki Code"/><Property Name="BodyType" Type="Edm.String" MaxLength="20" sap:label="Body Type"/><Property Name="Engine" Type="Edm.String" MaxLength="20" sap:label="Engine"/><Property Name="Transmission" Type="Edm.String" MaxLength="20" sap:label="Transmission"/><Property Name="Grade" Type="Edm.String" MaxLength="20" sap:display-format="UpperCase" sap:label="Grade"/><Property Name="StartProduction" Type="Edm.DateTime" Precision="0" sap:display-format="Date" sap:label="Start Production"/><Property Name="EndProduction" Type="Edm.DateTime" Precision="0" sap:display-format="Date" sap:label="End Production"/><Property Name="StartLineoff" Type="Edm.DateTime" Precision="0" sap:display-format="Date" sap:label="Start Line off"/><Property Name="EndLineoff" Type="Edm.DateTime" Precision="0" sap:display-format="Date" sap:label="End Line off"/><Property Name="TOMSSeriesDescription" Type="Edm.String" MaxLength="30" sap:display-format="UpperCase" sap:label="TOMS Series Description"
					sap:quickinfo="TOMS series description"/><Property Name="ChangedOn" Type="Edm.String" MaxLength="19" sap:display-format="UpperCase" sap:label="Changed On"/><Property Name="CreatedOn" Type="Edm.String" MaxLength="19" sap:display-format="UpperCase" sap:label="Created On"/><Property Name="ChangedBy" Type="Edm.String" MaxLength="12" sap:display-format="UpperCase" sap:label="Changed By"
					sap:quickinfo="Name of person who changed object"/><Property Name="CreatedBy" Type="Edm.String" MaxLength="12" sap:display-format="UpperCase" sap:label="Created By"
					sap:quickinfo="Name of Person Responsible for Creating the Object"/></EntityType>
			<EntityType Name="zc_pio_detailType" sap:label="For resource from table ZACC_DIO" sap:content-version="1">
				<Key><PropertyRef Name="ModelYear"/><PropertyRef Name="Model"/><PropertyRef Name="Interiorcolourcode"/><PropertyRef Name="Suffix"/><PropertyRef Name="Exteriorcolourcode"/><PropertyRef Name="Fabric"/><PropertyRef Name="Apex"/><PropertyRef Name="PPOCode"/><PropertyRef Name="PartNumber"/></Key><Property Name="ModelYear" Type="Edm.String" Nullable="false" MaxLength="4" sap:display-format="UpperCase" sap:label="Model year"/><Property Name="Model" Type="Edm.String" Nullable="false" MaxLength="7" sap:display-format="UpperCase" sap:label="Model Code"/><Property Name="Interiorcolourcode" Type="Edm.String" Nullable="false" MaxLength="4" sap:display-format="UpperCase"
					sap:label="Interior colour code" sap:quickinfo="Trim / Interior Color"/><Property Name="Suffix" Type="Edm.String" Nullable="false" MaxLength="2" sap:display-format="UpperCase" sap:label="Suffix"/><Property Name="Exteriorcolourcode" Type="Edm.String" Nullable="false" MaxLength="4" sap:display-format="UpperCase"
					sap:label="Exterior colour code"/><Property Name="Fabric" Type="Edm.String" Nullable="false" MaxLength="2" sap:display-format="UpperCase" sap:label="Fabric"/><Property Name="Apex" Type="Edm.String" Nullable="false" MaxLength="2" sap:display-format="UpperCase" sap:label="Apx"/><Property Name="PPOCode" Type="Edm.String" Nullable="false" MaxLength="8" sap:display-format="UpperCase" sap:label="PPO Code"/><Property Name="PartNumber" Type="Edm.String" Nullable="false" MaxLength="15" sap:display-format="UpperCase" sap:label="Part Number"/><Property Name="Series" Type="Edm.String" MaxLength="3" sap:display-format="UpperCase" sap:label="Series" sap:quickinfo="TCI Series"/><Property Name="ModelName" Type="Edm.String" MaxLength="30" sap:display-format="UpperCase" sap:label="Model Name"/><Property Name="NapAccessCd" Type="Edm.String" MaxLength="2" sap:display-format="UpperCase" sap:label="Nap Access Cd"/><Property Name="EngDesc" Type="Edm.String" MaxLength="50" sap:display-format="UpperCase" sap:label="Eng Desc"/><Property Name="FreDesc" Type="Edm.String" MaxLength="8" sap:display-format="UpperCase" sap:label="Fre Desc"/><Property Name="EngAbbrev" Type="Edm.String" MaxLength="8" sap:display-format="UpperCase" sap:label="Eng Abbrev"/><Property Name="FreAbbrev" Type="Edm.String" MaxLength="8" sap:display-format="UpperCase" sap:label="Fre Abbrev" sap:quickinfo="Fre Desc"/><Property Name="InstallInd" Type="Edm.String" MaxLength="1" sap:display-format="UpperCase" sap:label="Install Ind"/><Property Name="Throwinind" Type="Edm.String" MaxLength="1" sap:display-format="UpperCase" sap:label="Throw in ind"/><Property Name="PartsDlrNet" Type="Edm.String" MaxLength="8" sap:display-format="UpperCase" sap:label="Parts Dlr Net"/><Property Name="PartsMsrp" Type="Edm.Decimal" Precision="12" Scale="3" sap:label="Parts Msrp"/><Property Name="InstallTime" Type="Edm.Decimal" Precision="13" Scale="3" sap:label="Install Time"/><Property Name="StdLaborCostFw" Type="Edm.Decimal" Precision="12" Scale="3" sap:label="Std Labor Cost Fw"/><Property Name="StdLaborCostFci" Type="Edm.Decimal" Precision="12" Scale="3" sap:label="Std Labor Cost Fci"
					sap:quickinfo="Std Labor Cost TCI"/><Property Name="PartsQty" Type="Edm.Decimal" Precision="13" Scale="0" sap:label="Parts Qts"/><Property Name="InstallVan" Type="Edm.String" MaxLength="1" sap:display-format="UpperCase" sap:label="Install Van"/><Property Name="InstallTor" Type="Edm.String" MaxLength="1" sap:display-format="UpperCase" sap:label="Install Tor"/><Property Name="InstallMtl" Type="Edm.String" MaxLength="1" sap:display-format="UpperCase" sap:label="Install Mtl"/><Property Name="InstallHal" Type="Edm.String" MaxLength="1" sap:display-format="UpperCase" sap:label="Install Hal"/><Property Name="InstallCa" Type="Edm.String" MaxLength="1" sap:display-format="UpperCase" sap:label="Install Cam"
					sap:quickinfo="Install CAN"/><Property Name="InstallUs" Type="Edm.String" MaxLength="1" sap:display-format="UpperCase" sap:label="Install Tmmw"
					sap:quickinfo="Install USA"/><Property Name="InstallMx" Type="Edm.String" MaxLength="1" sap:display-format="UpperCase" sap:label="Install Usa"
					sap:quickinfo="Install MEX"/><Property Name="ProPriceEffDate" Type="Edm.DateTime" Precision="0" sap:display-format="Date" sap:label="Pro Price Eff Date"
					sap:quickinfo="Pro Price Eff Date"/><Property Name="StdLaborCostHa" Type="Edm.Decimal" Precision="12" Scale="3" sap:label="Std Labor Cost Ha"/><Property Name="Frenchonly" Type="Edm.String" MaxLength="1" sap:display-format="UpperCase" sap:label="French only"/><Property Name="ValidityEndDate" Type="Edm.DateTime" Precision="0" sap:display-format="Date" sap:label="Validity End Date"/><Property Name="CreatedOn" Type="Edm.String" MaxLength="19" sap:display-format="UpperCase" sap:label="Created On"/><Property Name="CreatedBy" Type="Edm.String" MaxLength="12" sap:display-format="UpperCase" sap:label="Created By"
					sap:quickinfo="Name of Person Responsible for Creating the Object"/><Property Name="ChangedOn" Type="Edm.String" MaxLength="19" sap:display-format="UpperCase" sap:label="Changed On"/><Property Name="ChangedBy" Type="Edm.String" MaxLength="12" sap:display-format="UpperCase" sap:label="Changed By"
					sap:quickinfo="Name of person who changed object"/></EntityType>
			<EntityType Name="zc_zvms_acc_pioType" sap:label="For resource from table ZACC_DIO" sap:content-version="1">
				<Key><PropertyRef Name="VehicleGUID"/></Key><Property Name="VehicleGUID" Type="Edm.Guid" Nullable="false" sap:label="Vehicle GUID"
					sap:quickinfo="Vehicle GUID (Globally Unique IDentifier)"/><Property Name="VehicleModel" Type="Edm.String" MaxLength="15" sap:display-format="UpperCase" sap:label="Part Number"/><Property Name="ItemCode" Type="Edm.String" MaxLength="5" sap:display-format="UpperCase" sap:label="Item Code"/><Property Name="zzmoyr" Type="Edm.String" MaxLength="4" sap:display-format="UpperCase" sap:label="Model year"/><Property Name="zzmodel" Type="Edm.String" MaxLength="7" sap:display-format="UpperCase" sap:label="Model Code"/><Property Name="zzintcol" Type="Edm.String" MaxLength="4" sap:display-format="UpperCase" sap:label="Trim / Interior Color"/><Property Name="zzsuffix" Type="Edm.String" MaxLength="2" sap:display-format="UpperCase" sap:label="Suffix"/><Property Name="zzextcol" Type="Edm.String" MaxLength="4" sap:display-format="UpperCase" sap:label="Exterior colour code"/><Property Name="zfabric" Type="Edm.String" MaxLength="2" sap:display-format="UpperCase" sap:label="" sap:quickinfo="Fabric"/><Property Name="zzapx" Type="Edm.String" MaxLength="2" sap:display-format="UpperCase" sap:label="Apx"/><Property Name="zppo_code" Type="Edm.String" MaxLength="8" sap:display-format="UpperCase" sap:label="PPO Code"/><Property Name="zpart_number" Type="Edm.String" MaxLength="15" sap:display-format="UpperCase" sap:label="" sap:quickinfo="Part Number"/><Property Name="zbase_option" Type="Edm.String" MaxLength="1" sap:display-format="UpperCase" sap:label="" sap:quickinfo="Base/Option"/><Property Name="tci_series" Type="Edm.String" MaxLength="3" sap:display-format="UpperCase" sap:label="TCI Series"/><Property Name="matnr" Type="Edm.String" MaxLength="40" sap:display-format="UpperCase" sap:label="Material" sap:quickinfo="Material Number"/><Property Name="model_desc_en" Type="Edm.String" MaxLength="30" sap:display-format="UpperCase" sap:label="" sap:quickinfo="Model Name"/><Property Name="znap_access_cd" Type="Edm.String" MaxLength="2" sap:display-format="UpperCase" sap:label="" sap:quickinfo="Nap Access Cd"/><Property Name="zeng_desc" Type="Edm.String" MaxLength="50" sap:display-format="UpperCase" sap:label="" sap:quickinfo="Eng Desc"/><Property Name="zeng_abbrev" Type="Edm.String" MaxLength="8" sap:display-format="UpperCase" sap:label="" sap:quickinfo="Eng Abbrev"/><Property Name="zfre_desc" Type="Edm.String" MaxLength="8" sap:display-format="UpperCase" sap:label="" sap:quickinfo="Fre Desc"/><Property Name="zfre_abbrev" Type="Edm.String" MaxLength="8" sap:display-format="UpperCase" sap:label="" sap:quickinfo="Fre Abbrev"/><Property Name="zinstall_ind" Type="Edm.String" MaxLength="1" sap:display-format="UpperCase" sap:label="" sap:quickinfo="Install Ind"/><Property Name="zparts_msrp" Type="Edm.Decimal" Precision="12" Scale="3" sap:label="" sap:quickinfo="Parts Msrp"/><Property Name="zstd_labor_cost_tci" Type="Edm.Decimal" Precision="12" Scale="3" sap:label="" sap:quickinfo="Std Labor Cost TCI"/><Property Name="zparts_ins_msrp" Type="Edm.Decimal" Precision="12" Scale="3" sap:label="" sap:quickinfo="Ins Parts MSRP"/><Property Name="zend_date" Type="Edm.DateTime" Precision="0" sap:display-format="Date" sap:label="" sap:quickinfo="Validity End Date"/><Property Name="zpro_price_eff_date" Type="Edm.DateTime" Precision="0" sap:display-format="Date" sap:label=""
					sap:quickinfo="Pro Price Eff Date"/><Property Name="z_item_code" Type="Edm.String" MaxLength="5" sap:display-format="UpperCase" sap:label="Item Code"/><Property Name="zcreated_on" Type="Edm.String" MaxLength="19" sap:display-format="UpperCase" sap:label="Created On"/><Property Name="zchg_on" Type="Edm.String" MaxLength="19" sap:display-format="UpperCase" sap:label="Changed On"/></EntityType>
			<EntityContainer Name="Z_VEHICLE_DEMO_RESERVATION_SRV_02_Entities" m:IsDefaultEntityContainer="true" sap:supported-formats="atom json xlsx"><EntitySet Name="zc_demo_reservationSet" EntityType="Z_VEHICLE_DEMO_RESERVATION_SRV_02.zc_demo_reservation" sap:deletable="false"
				sap:searchable="true" sap:pageable="false" sap:addressable="false" sap:content-version="1"/><EntitySet Name="vehicleListSet" EntityType="Z_VEHICLE_DEMO_RESERVATION_SRV_02.vehicleList" sap:creatable="false" sap:updatable="false"
				sap:deletable="false" sap:pageable="false" sap:addressable="false" sap:content-version="1"/><EntitySet Name="ZCDS_DEMO_RESERVATION" EntityType="Z_VEHICLE_DEMO_RESERVATION_SRV_02.ZCDS_DEMO_RESERVATIONType" sap:creatable="false"
				sap:updatable="false" sap:deletable="false" sap:searchable="true" sap:content-version="1"/><EntitySet Name="ZC_ZONES" EntityType="Z_VEHICLE_DEMO_RESERVATION_SRV_02.ZC_ZONESType" sap:creatable="false" sap:updatable="false"
				sap:deletable="false" sap:content-version="1"/><EntitySet Name="zc_accessory" EntityType="Z_VEHICLE_DEMO_RESERVATION_SRV_02.zc_accessoryType" sap:creatable="false" sap:updatable="false"
				sap:deletable="false" sap:content-version="1"/><EntitySet Name="zc_demo_add_data" EntityType="Z_VEHICLE_DEMO_RESERVATION_SRV_02.zc_demo_add_dataType" sap:creatable="false"
				sap:updatable="false" sap:deletable="false" sap:content-version="1"/><EntitySet Name="zc_demo_addcust" EntityType="Z_VEHICLE_DEMO_RESERVATION_SRV_02.zc_demo_addcustType" sap:creatable="false"
				sap:updatable="false" sap:deletable="false" sap:content-version="1"/><EntitySet Name="zc_demo_configuration_char" EntityType="Z_VEHICLE_DEMO_RESERVATION_SRV_02.zc_demo_configuration_charType"
				sap:creatable="false" sap:updatable="false" sap:deletable="false" sap:content-version="1"/><EntitySet Name="zc_demo_mmfields" EntityType="Z_VEHICLE_DEMO_RESERVATION_SRV_02.zc_demo_mmfieldsType" sap:creatable="false"
				sap:updatable="false" sap:deletable="false" sap:content-version="1"/><EntitySet Name="zc_demo_model" EntityType="Z_VEHICLE_DEMO_RESERVATION_SRV_02.zc_demo_modelType" sap:creatable="false" sap:updatable="false"
				sap:deletable="false" sap:content-version="1"/><EntitySet Name="zc_demo_reservation" EntityType="Z_VEHICLE_DEMO_RESERVATION_SRV_02.zc_demo_reservationType" sap:creatable="false"
				sap:updatable="false" sap:deletable="false" sap:content-version="1"/><EntitySet Name="zc_demo_zone" EntityType="Z_VEHICLE_DEMO_RESERVATION_SRV_02.zc_demo_zoneType" sap:creatable="false" sap:updatable="false"
				sap:deletable="false" sap:content-version="1"/><EntitySet Name="zc_exterior_trim" EntityType="Z_VEHICLE_DEMO_RESERVATION_SRV_02.zc_exterior_trimType" sap:creatable="false"
				sap:updatable="false" sap:deletable="false" sap:content-version="1"/><EntitySet Name="zc_frd" EntityType="Z_VEHICLE_DEMO_RESERVATION_SRV_02.zc_frdType" sap:creatable="false" sap:updatable="false"
				sap:deletable="false" sap:content-version="1"/><EntitySet Name="zc_mmfields" EntityType="Z_VEHICLE_DEMO_RESERVATION_SRV_02.zc_mmfieldsType" sap:creatable="false" sap:updatable="false"
				sap:deletable="false" sap:searchable="true" sap:content-version="1"/><EntitySet Name="zc_model" EntityType="Z_VEHICLE_DEMO_RESERVATION_SRV_02.zc_modelType" sap:creatable="false" sap:updatable="false"
				sap:deletable="false" sap:searchable="true" sap:content-version="1"/><EntitySet Name="zc_myear" EntityType="Z_VEHICLE_DEMO_RESERVATION_SRV_02.zc_myearType" sap:creatable="false" sap:updatable="false"
				sap:deletable="false" sap:searchable="true" sap:content-version="1"/><EntitySet Name="zc_pio_detail" EntityType="Z_VEHICLE_DEMO_RESERVATION_SRV_02.zc_pio_detailType" sap:creatable="false" sap:updatable="false"
				sap:deletable="false" sap:content-version="1"/><EntitySet Name="zc_zvms_acc_pio" EntityType="Z_VEHICLE_DEMO_RESERVATION_SRV_02.zc_zvms_acc_pioType" sap:creatable="false"
				sap:updatable="false" sap:deletable="false" sap:content-version="1"/></EntityContainer><atom:link xmlns:atom="http://www.w3.org/2005/Atom" rel="self"
				href="https://dg2:44300/sap/opu/odata/sap/Z_VEHICLE_DEMO_RESERVATION_SRV_02/$metadata"/><atom:link xmlns:atom="http://www.w3.org/2005/Atom" rel="latest-version"
				href="https://dg2:44300/sap/opu/odata/sap/Z_VEHICLE_DEMO_RESERVATION_SRV_02/$metadata"/></Schema>
	</edmx:DataServices>
</edmx:Edmx>