<core:FragmentDefinition
	xmlns="sap.m"
	xmlns:core="sap.ui.core">
	<ViewSettingsDialog
		confirm="handleSortDialogConfirm">
		<sortItems>
			<ViewSettingsItem text="Series" key="SeriesDesc" selected="true" />
			<ViewSettingsItem text="Model" key="ModelDesc" />
			<ViewSettingsItem text="Zone" key="ZoneDesc" />
			<ViewSettingsItem text="Est.Assoc.Price" key="Price" />
			<ViewSettingsItem text="Est.End Date" key="EndDate"/>
			<ViewSettingsItem text="Repaired" key="Repair"/>
		</sortItems>
	</ViewSettingsDialog>
</core:FragmentDefinition>