{
	"MyVehicles": [{
		"series": "4Runner",
		"model": "4 Runner",
		"zone": "Central",
		"est_assoc_price": "32000 CAD",
		"est_end_date": "2018-01-20",
		"year": 2018,
		"colour": "Magnetic Grey Metallic",
		"driver": "Nancy Duguay",
		"vin": "Text",
		"status": "Available"
	}, {
		"series": "4Runner",
		"model": "4 Runner",
		"zone": "Central",
		"est_assoc_price": "32000 CAD",
		"est_end_date": "2018-01-20",
		"year": 2018,
		"colour": "Magnetic Grey Metallic",
		"driver": "Nancy Duguay",
		"vin": "Text",
		"status": "Available"
	}, {
		"series": "4Runner",
		"model": "4 Runner",
		"zone": "Central",
		"est_assoc_price": "32000 CAD",
		"est_end_date": "2018-01-20",
		"year": 2018,
		"colour": "Magnetic Grey Metallic",
		"driver": "Nancy Duguay",
		"vin": "Text",
		"status": "Available"
	}, {
		"series": "4Runner",
		"model": "4 Runner",
		"zone": "Central",
		"est_assoc_price": "32000 CAD",
		"est_end_date": "2018-01-20",
		"year": 2018,
		"colour": "Magnetic Grey Metallic",
		"driver": "Nancy Duguay",
		"vin": "Text",
		"status": "Available"
	}, {
		"series": "4Runner",
		"model": "4 Runner",
		"zone": "Central",
		"est_assoc_price": "32000 CAD",
		"est_end_date": "2018-01-20",
		"year": 2018,
		"colour": "Magnetic Grey Metallic",
		"driver": "Nancy Duguay",
		"vin": "Text",
		"status": "Available"
	}],
	"AllVehicles": [{
		"series": "4Runner",
		"model": "4 Runner",
		"zone": "Central",
		"est_assoc_price": "32000 CAD",
		"est_end_date": "2018-01-20",
		"year": 2018,
		"colour": "Magnetic Grey Metallic",
		"driver": "Nancy Duguay",
		"vin": "Text",
		"status": "Available"
	}, {
		"series": "4Runner",
		"model": "4 Runner",
		"zone": "Central",
		"est_assoc_price": "32000 CAD",
		"est_end_date": "2018-01-20",
		"year": 2018,
		"colour": "Magnetic Grey Metallic",
		"driver": "Nancy Duguay",
		"vin": "Text",
		"status": "Available"
	}, {
		"series": "4Runner",
		"model": "4 Runner",
		"zone": "Central",
		"est_assoc_price": "32000 CAD",
		"est_end_date": "2018-01-20",
		"year": 2018,
		"colour": "Magnetic Grey Metallic",
		"driver": "Nancy Duguay",
		"vin": "Text",
		"status": "Available"
	}, {
		"series": "4Runner",
		"model": "4 Runner",
		"zone": "Central",
		"est_assoc_price": "32000 CAD",
		"est_end_date": "2018-01-20",
		"year": 2018,
		"colour": "Magnetic Grey Metallic",
		"driver": "Nancy Duguay",
		"vin": "Text",
		"status": "Available"
	}, {
		"series": "4Runner",
		"model": "4 Runner",
		"zone": "Central",
		"est_assoc_price": "32000 CAD",
		"est_end_date": "2018-01-20",
		"year": 2018,
		"colour": "Magnetic Grey Metallic",
		"driver": "Nancy Duguay",
		"vin": "Text",
		"status": "Available"
	}, {
		"series": "4Runner",
		"model": "4 Runner",
		"zone": "Central",
		"est_assoc_price": "32000 CAD",
		"est_end_date": "2018-01-20",
		"year": 2018,
		"colour": "Magnetic Grey Metallic",
		"driver": "Nancy Duguay",
		"vin": "Text",
		"status": "Available"
	}, {
		"series": "4Runner",
		"model": "4 Runner",
		"zone": "Central",
		"est_assoc_price": "32000 CAD",
		"est_end_date": "2018-01-20",
		"year": 2018,
		"colour": "Magnetic Grey Metallic",
		"driver": "Nancy Duguay",
		"vin": "Text",
		"status": "Available"
	}, {
		"series": "4Runner",
		"model": "4 Runner",
		"zone": "Central",
		"est_assoc_price": "32000 CAD",
		"est_end_date": "2018-01-20",
		"year": 2018,
		"colour": "Magnetic Grey Metallic",
		"driver": "Nancy Duguay",
		"vin": "Text",
		"status": "Available"
	}, {
		"series": "4Runner",
		"model": "4 Runner",
		"zone": "Central",
		"est_assoc_price": "32000 CAD",
		"est_end_date": "2018-01-20",
		"year": 2018,
		"colour": "Magnetic Grey Metallic",
		"driver": "Nancy Duguay",
		"vin": "Text",
		"status": "Available"
	}, {
		"series": "4Runner",
		"model": "4 Runner",
		"zone": "Central",
		"est_assoc_price": "32000 CAD",
		"est_end_date": "2018-01-20",
		"year": 2018,
		"colour": "Magnetic Grey Metallic",
		"driver": "Nancy Duguay",
		"vin": "Text",
		"status": "Available"
	}],
	"FilterData":{
		"ReservationStatus": [{
			"key": "Available",
			"name": "Available"
		},{
			"key": "Reserved",
			"name": "Reserved"
		},{
			"key": "All",
			"name": "All"
		}],
		"RequestorType": [{
			"key": "E",
			"name": "Employee"
			},{
			"key": "D",
			"name": "Department"
		}],
		"PurchaserType": [{
			"key": "S",
			"name": "TCI Employee Spouse/Child"
			},{
			"key": "E",
			"name": "TCI/TFS Employee"
			},{
			"key": "R",
			"name": "TCI/TFS Retiree"
			},{
			"key": "C",
			"name": "TCI Contractor Spouse"
			},{
			"key": "O",
			"name": "Other"
			}]
	}
}